{
  "sizes": [
    1024,
    16384,
    65536,
    262144,
    524288,
    786432,
    1024000,
    1048576,
    2097152,
    6291456
  ],
  "results": [
    {
      "mode": "inline",
      "payload_bytes": 1024,
      "n": 150,
      "throughput_mb_s": 0.7813947130376564,
      "wall_s": 1.5949420928955078,
      "alloc_s": 0.015335559844970703,
      "t_run_start": 1784468989.4148276,
      "timed_out": false,
      "failures": [],
      "killed": null,
      "delivered": 150,
      "startup_s": 0.30329179763793945,
      "sink_makespan_s": 0.19657158851623535,
      "throughput_msg_s": 757.9935692878307,
      "lat_ms_median": 49.767136573791504,
      "lat_ms_mean": 49.65804576873779,
      "lat_ms_p95": 100.11179447174072,
      "lat_ms_max": 103.78623008728027
    },
    {
      "mode": "inline",
      "payload_bytes": 16384,
      "n": 150,
      "throughput_mb_s": 10.496309269162936,
      "wall_s": 1.6557590961456299,
      "alloc_s": 0.021080493927001953,
      "t_run_start": 1784468991.0133402,
      "timed_out": false,
      "failures": [],
      "killed": null,
      "delivered": 150,
      "startup_s": 0.3296678066253662,
      "sink_makespan_s": 0.23413944244384766,
      "throughput_msg_s": 636.3729171164052,
      "lat_ms_median": 36.081790924072266,
      "lat_ms_mean": 44.62961355845133,
      "lat_ms_p95": 77.20677852630615,
      "lat_ms_max": 77.74710655212402
    },
    {
      "mode": "inline",
      "payload_bytes": 65536,
      "n": 150,
      "throughput_mb_s": 33.112234917483796,
      "wall_s": 1.6912481784820557,
      "alloc_s": 0.03090524673461914,
      "t_run_start": 1784468992.6725545,
      "timed_out": false,
      "failures": [],
      "killed": null,
      "delivered": 150,
      "startup_s": 0.3027181625366211,
      "sink_makespan_s": 0.29688119888305664,
      "throughput_msg_s": 501.88425727387346,
      "lat_ms_median": 21.883606910705566,
      "lat_ms_mean": 20.01768430074056,
      "lat_ms_p95": 47.056782245635986,
      "lat_ms_max": 50.54807662963867
    },
    {
      "mode": "inline",
      "payload_bytes": 262144,
      "n": 150,
      "throughput_mb_s": 58.893301202492616,
      "wall_s": 2.0541317462921143,
      "alloc_s": 0.02618098258972168,
      "t_run_start": 1784468994.3670428,
      "timed_out": false,
      "failures": [],
      "killed": null,
      "delivered": 150,
      "startup_s": 0.30147480964660645,
      "sink_makespan_s": 0.667675256729126,
      "throughput_msg_s": 223.1623809603729,
      "lat_ms_median": 6.449222564697266,
      "lat_ms_mean": 7.216973304748535,
      "lat_ms_p95": 13.464343547821045,
      "lat_ms_max": 29.31380271911621
    },
    {
      "mode": "inline",
      "payload_bytes": 524288,
      "n": 60,
      "throughput_mb_s": 81.2758806691976,
      "wall_s": 1.88814115524292,
      "alloc_s": 0.02593207359313965,
      "t_run_start": 1784468996.423845,
      "timed_out": false,
      "failures": [],
      "killed": null,
      "delivered": 60,
      "startup_s": 0.4203319549560547,
      "sink_makespan_s": 0.3870432376861572,
      "throughput_msg_s": 152.43774921044218,
      "lat_ms_median": 16.71731472015381,
      "lat_ms_mean": 27.16266711552938,
      "lat_ms_p95": 71.97068929672241,
      "lat_ms_max": 82.25774765014648
    },
    {
      "mode": "inline",
      "payload_bytes": 786432,
      "n": 60,
      "throughput_mb_s": 90.86338957108121,
      "wall_s": 1.8591163158416748,
      "alloc_s": 0.02800607681274414,
      "t_run_start": 1784468998.3134782,
      "timed_out": false,
      "failures": [],
      "killed": null,
      "delivered": 60,
      "startup_s": 0.25591039657592773,
      "sink_makespan_s": 0.5193061828613281,
      "throughput_msg_s": 113.61312833772854,
      "lat_ms_median": 13.245701789855957,
      "lat_ms_mean": 13.696670532226562,
      "lat_ms_p95": 21.22800350189209,
      "lat_ms_max": 26.1232852935791
    },
    {
      "mode": "inline",
      "payload_bytes": 1024000,
      "n": 60,
      "throughput_mb_s": 97.91040721464998,
      "wall_s": 2.095102548599243,
      "alloc_s": 0.025070905685424805,
      "t_run_start": 1784469000.1744716,
      "timed_out": false,
      "failures": [],
      "killed": null,
      "delivered": 60,
      "startup_s": 0.3780481815338135,
      "sink_makespan_s": 0.6275124549865723,
      "throughput_msg_s": 94.02203817813067,
      "lat_ms_median": 16.17264747619629,
      "lat_ms_mean": 20.653573671976726,
      "lat_ms_p95": 53.13142538070679,
      "lat_ms_max": 57.57331848144531
    },
    {
      "mode": "inline",
      "payload_bytes": 1048576,
      "n": 60,
      "throughput_mb_s": 0.0,
      "wall_s": 30.435129165649414,
      "alloc_s": 0.018543004989624023,
      "t_run_start": 1784469002.2719882,
      "timed_out": true,
      "failures": [
        [
          "producer",
          0,
          1
        ]
      ],
      "killed": null,
      "delivered": 0
    },
    {
      "mode": "inline",
      "payload_bytes": 2097152,
      "n": 30,
      "throughput_mb_s": 0.0,
      "wall_s": 30.43142056465149,
      "alloc_s": 0.02652740478515625,
      "t_run_start": 1784469032.7087371,
      "timed_out": true,
      "failures": [
        [
          "producer",
          0,
          1
        ]
      ],
      "killed": null,
      "delivered": 0
    },
    {
      "mode": "inline",
      "payload_bytes": 6291456,
      "n": 30,
      "throughput_mb_s": 0.0,
      "wall_s": 30.44865322113037,
      "alloc_s": 0.02760028839111328,
      "t_run_start": 1784469063.1417618,
      "timed_out": true,
      "failures": [
        [
          "producer",
          0,
          1
        ]
      ],
      "killed": null,
      "delivered": 0
    },
    {
      "mode": "blob",
      "payload_bytes": 1024,
      "n": 150,
      "throughput_mb_s": 0.5662130140778722,
      "wall_s": 1.7330195903778076,
      "alloc_s": 0.021105527877807617,
      "t_run_start": 1784469093.5919938,
      "timed_out": false,
      "failures": [],
      "killed": null,
      "delivered": 150,
      "startup_s": 0.3549046516418457,
      "sink_makespan_s": 0.27127599716186523,
      "throughput_msg_s": 549.2561139166859,
      "lat_ms_median": 27.921319007873535,
      "lat_ms_mean": 25.885373751322426,
      "lat_ms_p95": 41.28991365432739,
      "lat_ms_max": 42.19794273376465
    },
    {
      "mode": "blob",
      "payload_bytes": 16384,
      "n": 150,
      "throughput_mb_s": 6.797846613613866,
      "wall_s": 1.8081574440002441,
      "alloc_s": 0.022506237030029297,
      "t_run_start": 1784469095.328148,
      "timed_out": false,
      "failures": [],
      "killed": null,
      "delivered": 150,
      "startup_s": 0.32289671897888184,
      "sink_makespan_s": 0.3615262508392334,
      "throughput_msg_s": 412.141579357286,
      "lat_ms_median": 4.392027854919434,
      "lat_ms_mean": 6.151752471923828,
      "lat_ms_p95": 14.136362075805664,
      "lat_ms_max": 18.213987350463867
    },
    {
      "mode": "blob",
      "payload_bytes": 65536,
      "n": 150,
      "throughput_mb_s": 31.937492480007933,
      "wall_s": 1.7387206554412842,
      "alloc_s": 0.026697397232055664,
      "t_run_start": 1784469097.1396632,
      "timed_out": false,
      "failures": [],
      "killed": null,
      "delivered": 150,
      "startup_s": 0.3238253593444824,
      "sink_makespan_s": 0.3078012466430664,
      "throughput_msg_s": 484.07861119803687,
      "lat_ms_median": 24.09529685974121,
      "lat_ms_mean": 21.468305587768555,
      "lat_ms_p95": 38.81702423095703,
      "lat_ms_max": 39.7801399230957
    },
    {
      "mode": "blob",
      "payload_bytes": 262144,
      "n": 150,
      "throughput_mb_s": 92.72063914942468,
      "wall_s": 1.847233533859253,
      "alloc_s": 0.016173601150512695,
      "t_run_start": 1784469098.8816469,
      "timed_out": false,
      "failures": [],
      "killed": null,
      "delivered": 150,
      "startup_s": 0.3216054439544678,